tweets,posted_by,label,,
"Agreed 100%! Androids have been better all-around for years with more advanced hardware... and significantly better software. If you care about customizability, then choosing an Android over an iPhone is an easy decision
","MatthewTalmage
",positive,,
"Android. Best. Even At the price range you find Iphone you find better Android phones like Samsung Galaxy S26 Ultra
","SubhamMist777
",positive,,
As someone whoĺs always switching between both? If youĺre looking for flexibility and getting more work done... use an android... androids are generally better than iPhones,arrakunrin,positive,,
"Flagship Android is miles better than iPhone. It offers: Superior software... way better gaming performance, leagues ahead of camera performance... fast wired & wireless charging, and an open ecosystem...",that_chand,positive,,
I think almost all apps are better on ios than android.,hejaidev,negative,,
From someone that have used android and currently using iPhone. X on iPhone is better than Android... Chat simply doesnĺt even work very well on Android!,Bamdalas,negative,,
"The iPhone edges it out as the best hereŚpolished ecosystem, buttery-smooth experience, and long-term reliability",grok,negative,,
OS-wise iOS is still the best OS that a mobile phone can have.,ibharath,negative,,
iPhone is better than so many android while some android phones are better than it. You shouldn't even compare iPhone to Samsung...,vicrypto_c,negative,,
"Choosing between iPhone vs Android isnĺt about ôwhich is bestö, itĺs about what suits YOU.",heybillionaire6,neutral,,
Both have their specific specialitiesůůmost people would pick Android over IPhone because itĺs way more versatile... Others will choose iPhone cos of its unique features..,Eazzy_Ayo622121,neutral,,
"Yep, i've been using both android/iPhone daily for 2+yrs... Android UI is superior, iPhone camera is superior - the iPhone keyboard/autocorrect is atrocious",marksoares,neutral,,
I think Android is better because it gives you a lot more options both in software & hardware. It offers different form factors..,TheGalox_,neutral,,
doing iPhone vs Android sigh,Dele_Tuyi,neutral,,
Maturity is realizing Samsung is way better than iPhone,drharveee,positive,,
"I use both phones, and Iĺll tell you this for free.. Samsung is 100% Better than the iPhone.",Hamzythacreator,positive,,
"Until you use Samsung youĺll think iPhone is better 
",Grachidex,positive,,
"At this point Android is actually better than iOS. You should try using a modern device like Pixel 10. It's very smooth and amazing.
","mark_k
",positive,,
"Flagship Android is miles better than iPhone... way better gaming performance, leagues ahead of camera performance, fast wired & wireless charging, and an open ecosystem.",that_chand,positive,,
The UI/UX of Google apps are so much more better in iOS than in Android.,amritwt,negative,,
"Apple Music's new UI update... The UI still looks better on iOS, because the music player is not uniform on Android.",YourbroRishabh,negative,,
The new WhatsApp UI for calls is so much better. Larger and more spaced out buttons >>> Left: iOS Right: Android,Cartidise,negative,,
Thatĺs why iPhone wins over Android,TheAppleDesign,negative,,
Both have their specific specialitiesůůmost people would pick Android over iPhone because itĺs way more versatile... Others will choose iPhone cos of its unique features...,Eazzy_Ayo622121,neutral,,
As someone whoĺs always switching between both? If youĺre looking for flexibility... use an android. If youĺre looking for seamless integration... use an iPhone. Androids are generally better than iPhones.,arrakunrin,neutral,,
"Itĺs all a matter of choice, there are things that both the iPhone and an android are good and bad at. Itĺs best to have both.",BloodytoothG,neutral,,
"iPhone, made by Samsungö Ś noting shared components like future camera sensors, showing interdependence.",TheGalox_,neutral,,
"One big Android edge over iPhone: true customization. Swap launchers, icons, widgets, themes, even run custom ROMs for a phone that feels 100% yours. iOS keeps it locked down and uniform",grok,positive,,
"Android no get level... Customization? My Android can change its entire look, tweak settings, and run multiple apps in split-screen. Your iPhone? Same UI since 2010... Android users upgrading with options from budget to foldables.",data_hints,positive,,
"I love Android... I like changing the shape of icons, configuring the top bar... new camera/battery tech that neither Apple nor Samsung uses yet. Bypass charging while gaming, 7000mAh, 120W charging...",Valknoemias,positive,,
"After using iOS for a week... inconveniences that made me switch back to Android: No clipboard, trash keyboard, no Circle to Search, multitasking I use a lot, battery anxiety...",enough_yt,positive,,
"Deeper customization via One UI 8.5... tweak everything from icons to multitasking, while iOS stays more locked down. Larger batteries, faster charging, S Pen for productivity...",grok,positive,,
iPhone literally has better customization than most Android phones (One UI Galaxy). Android phones COPY Apple's newest customization features..,Dull_wall_build,negative,,
"iOS apps have wildly better haptics implementation... haptic feedback when liking, reloading... Android app has none.",durreadan,negative,,
"There's nothing genuine you can do with an iPhone that you can't do with Android. If you buy the right Android, it's more efficient",ChillGuylammzee,negative,,
iPhones are LITERALLY the definition of mediocrity... You buy an iPhone when you want to be a sheep... You buy an android when you want customizability and creativity,mustafamalik122,positive,,
"A Chinese user just showed an iPhone home screen that looks FULLY customizableů like Android, Widgets, layouts, icons floating Ś freedom everything. Now the real question: Do you want Apple to go full Android-level customization? Even Android users donĺt go this far ",TechieUltimatum,positive,,
"The customisation available on android is sending me. Apple, Iĺm not coming back anytime soon.
",biyispost,positive,,
Android gives way more flexibility and options.,TechHelpIndia,positive,,
Wake me up when Android or Samsung have iOS 26 level of Perfection and Animations,TheAppleDesign,negative,,
What I LOVE about the stock iOS customization is that it applies to EVERY app and widget Iĺm seriously curious when Android will be able to do this by default,OutofGalaxyy,negative,,
"We should now introduce app multitasking on our iPhone 18 series, like Android devices",NserekoColline,positive,,
"I love Android... I like changing the shape of icons, configuring the top bar... bypass charging while gaming, 7000mAh, 120W charging.",Valknoemias,positive,,
Android and iOS work differently. iOS has no real multitasking... What youĺre getting is longer battery in a slimmer package,spacebaralot,positive,,
iOS apps have wildly better haptics implementation... Android app has none,durreadan01,negative,,
"If you want apps on your phone to have iOS type of animations and visual effects, thereĺs nothing to do but buying an iPhone",cuntradiation,negative,,
Why are apps supposed to have Haptic Feedback/animations for everything like iOS? ...this is pathetic,gonxolotl,positive,,
"One big Android edge over iPhone: true customization. Swap launchers, icons, widgets, themes, even run custom ROMs for a phone that feels 100% yours. iOS keeps it locked down and uniform.",grok,positive,,
Android Ś giving users options and tons of customisation potential. You donĺt even need third party apps,thegadgetshub,positive,,
At this point Android is actually better than iOS. You should try using a modern device like Pixel 10. It's very smooth and amazing.,mark_k,positive,,
As someone whoĺs always switching between both? If youĺre looking for flexibility and getting more work doneů use an androidů androids are generally better than iPhones,arrakunrin,positive,,
"Flagship Android is miles better than iPhone. It offers: Superior softwareů way better gaming performance, leagues ahead of camera performanceů fast wired & wireless charging, and an open ecosystem",that_chand,positive,,
The UI/UX of Google apps are so much more better in iOS than in Android,amritwt,negative,,
Both have their specific specialitiesůůmost people would pick Android over iPhone because itĺs way more versatileů Others will choose iPhone cos of its unique featuresů better camera qualityů so itĺs not a matter of which is better but what suits your preference,Eazzy_Ayo622121,neutral,,
"It all depends on what you're looking for: Samsungů highly customizableů Google Pixel is the ĹiPhone of Androidĺů iPhones are the no-muss-no-fuss optionů less customizable, but the UX is generally less buggy",ztlaidlaw,neutral,,
"Yep, i've been using both android/iPhone daily for 2+yrsů Android UI is superior, iPhone camera is superior ľ the iPhone keyboard/autocorrect is atrocious",marksoares,neutral,,
"One big Android edge over iPhone: true customizationů iOS keeps it locked downů The iPhone edges it out as the best hereŚpolished ecosystem, buttery-smooth experience",grok,neutral,,
,,,,
,,,,
,,,,
,,,,
,,,,
,,,,
,,,,
,,,,
,,,,
,,,,
,,,,
,,,,
,,,,
,,,,
,,,,
,,,,
,,,,
,,,,
,,,,
,,,,
,,,,
,,,,
,,,,
,,,,
,,,,
,,,,
,,,,
,,,,
,,,,
,,,,
,,,,
,,,,
,,,,
,,,,
,,,,
,,,,
,,,,
,,,,
,,,,
,,,,
,,,,
,,,,
,,,,
,,,,
,,,,
,,,,
,,,,
,,,,
,,,,
,,,,
,,,,
,,,,
,,,,
,,,,
,,,,
,,,,
,,,,
,,,,
,,,,
,,,,
,,,,
,,,,
,,,,
,,,,
,,,,
,,,,
,,,,
,,,,
,,,,
,,,,
,,,,
,,,,
,,,,
,,,,
,,,,
,,,,
,,,,
,,,,
,,,,
,,,,
,,,,
,,,,
,,,,
,,,,
,,,,
,,,,
,,,,
,,,,
,,,,
,,,,
,,,,
,,,,
,,,,
,,,,
,,,,
,,,,
,,,,
,,,,
,,,,
,,,,
,,,,
,,,,
,,,,
,,,,
,,,,
,,,,
,,,,
,,,,
,,,,
,,,,
,,,,
,,,,
,,,,
,,,,
,,,,
,,,,
,,,,
,,,,
,,,,
,,,,
,,,,
,,,,
,,,,
,,,,
,,,,
,,,,
,,,,
,,,,
,,,,
,,,,
,,,,
,,,,
,,,,
,,,,
,,,,
,,,,
,,,,
,,,,
,,,,
,,,,
,,,,
,,,,
,,,,
,,,,
,,,,
,,,,
,,,,
,,,,
,,,,
,,,,
,,,,
,,,,
